ndc11,consumer_1,consumer_2,consumer_3,consumer_4,consumer_5,first_reference,second_reference,name,metadata
68382-0055-01,PillProjectDisc78/images/CU5S59N!5C8L2-MTPYHYY4HN32L!F-Z.JPG,PillProjectDisc7/images/41LSME8LU-GN0VOET8A4B9IB8QONG2.JPG,PillProjectDisc74/images/CQV9W94NF0INKVGF2O3FX1CXATR5CMM.JPG,PillProjectDisc25/images/B8P8-MLRRR51U0X8SHI3FY32L4_4!!I.JPG,PillProjectDisc45/images/BRB8UHB3CTATAX7_1J75-NAE!YCG_OI.JPG,PillProjectDisc21/images/B562R0VMZR8J-G8QFMYY8DIP74YCZ7Y.JPG,PillProjectDisc37/images/BJWMA36QOLC!FBC4PCZAJ0-W42G-GM1.JPG,WARFARIN 4MG TABS,"{'Shape': 'OVAL', 'Color': 'BLUE', 'Imprint': 'WAR;4', 'ImprintColor': '', 'ImprintType': 'DEBOSSED', 'Score': '2'}"
68382-0056-10,PillProjectDisc2/images/-N1P74C0VQI2JD-K98DSIHT5WG_R93.JPG,PillProjectDisc66/images/CIVP0GH-XUZM7V15P_DNSM6G0ES7RI1.JPG,PillProjectDisc70/images/CMJM69M0M_YBIDLM!5XRJ5!QMBAXQQ0.JPG,PillProjectDisc22/images/B5ZAD-0_QE-9I787ADGPUY!LY62_N3H.JPG,PillProjectDisc94/images/LJMOHZ28TAP3A1METS83PRIMVJM-!.JPG,PillProjectDisc10/images/6JYQS_OZ4X5W7KXF032M!LMH3KG0_0.JPG,PillProjectDisc56/images/C1Y254JON4QQVON_-EGGNOZW9COY-JF.JPG,WARFARIN SOD 5MG TABS,"{'Shape': 'OVAL', 'Color': 'ORANGE', 'Imprint': 'WAR;5', 'ImprintColor': '', 'ImprintType': 'DEBOSSED', 'Score': '2'}"
68382-0057-01,PillProjectDisc102/images/T0_SOLZ!2QHYVLJEM8NA0ECNQCBMOP.JPG,PillProjectDisc109/images/ZQLN-K31L05ZWUD1FJ34_TN_-WI3P1.JPG,PillProjectDisc19/images/B35TS14AQWNYPY-WV07G1SE0ZOHKJC6.JPG,PillProjectDisc58/images/CBWODDXAQ4RWEO76NAX-F8F0CT_II5-.JPG,PillProjectDisc107/images/XDQRYMR!-KJXL9OJ!0Q6-8!GP45-1Y.JPG,PillProjectDisc107/images/XTG!M3YPYG8OZ38_R658!OM2RCMSOC.JPG,PillProjectDisc91/images/I_59HTP78PNS1KUYVV6U8K0S5!WDU0.JPG,WARFARIN 6MG TAB,"{'Shape': 'OVAL', 'Color': 'GREEN', 'Imprint': 'WAR;6', 'ImprintColor': '', 'ImprintType': 'DEBOSSED', 'Score': '2'}"
68382-0058-01,PillProjectDisc28/images/BBVTP862X!ULCDCX5Y9C!-JJIX4OL5H.JPG,PillProjectDisc1/images/!Q12V7__HCHJE6PV!YGDH7TCJV1GPN.JPG,PillProjectDisc97/images/O!JLJKDMZGPW9LG-ELYV7N7BBMH-LB.JPG,PillProjectDisc96/images/NCD8KFAAW16TDDYQ8-WUS412E!Q!13.JPG,PillProjectDisc53/images/BZE2UTZA9J6WMIZ_DFZMZCS24B!K2VJ.JPG,PillProjectDisc48/images/BV068CQ7CI31M-J-!3KW6UF-Y-V5OQ6.JPG,PillProjectDisc91/images/J46MB4E4OQ05M2VXMVNCPPB!P7-O8!.JPG,WARFARIN 7.5MG TABS,"{'Shape': 'OVAL', 'Color': 'YELLOW', 'Imprint': 'WAR;7;1;2', 'ImprintColor': '', 'ImprintType': 'DEBOSSED', 'Score': '2'}"
68382-0059-01,PillProjectDisc10/images/6WO20I03FU6YQY0IGPOD23MGM1!6KT.JPG,PillProjectDisc80/images/CV9F1-7Y39BX2G3GN6PDUT-TVV6D_53.JPG,PillProjectDisc63/images/CG!SZUZ!QEI97HSYA8Z0AXCBHPWME9M.JPG,PillProjectDisc22/images/B68X7GB6I!RVPH-T_H3L8RS9DQZERLN.JPG,PillProjectDisc54/images/BZYM50UBX-1D82CXAS23FH7-8A5IYMT.JPG,PillProjectDisc102/images/T-!FV_P9IE4Y-CYJY_7KMQ9O_HE6KZ.JPG,PillProjectDisc22/images/B6BMS492PGO0Z20S4TL918C-F250DVZ.JPG,WARFARIN TAB 10MG,"{'Shape': 'OVAL', 'Color': 'WHITE', 'Imprint': 'WAR;10', 'ImprintColor': '', 'ImprintType': 'DEBOSSED', 'Score': '2'}"
68382-0064-10,PillProjectDisc19/images/B3DNAFE_4_NCLASS59PF8QGD0HZ9GL_.JPG,PillProjectDisc6/images/2WRSOP2C6E0C-Z17B2FI8QEJ1IP7GQ.JPG,PillProjectDisc26/images/B9UK6UG49O!ZB6VDN89TL67DOQEA12S.JPG,PillProjectDisc39/images/BMDQZB!VLJ0DW-US0ZJAEH!HQHL-CL-.JPG,PillProjectDisc63/images/CFMAKK3NPK7__77XQ-DCXJFJAI3L-S6.JPG,PillProjectDisc77/images/CTHV-UQ7H69W5Q3M7W2Z!S7J_4069KP.JPG,PillProjectDisc8/images/5FCR4YHW38!Q0OKIIGVG17WD80-SK7.JPG,WARFARIN SOD 2.5MG TABS,"{'Shape': 'OVAL', 'Color': 'GREEN', 'Imprint': 'WAR;2;1;2', 'ImprintColor': '', 'ImprintType': 'DEBOSSED', 'Score': '2'}"
68382-0065-16,PillProjectDisc6/images/302F-QKVHI4RYBF!O70HZFE_Z9Q8AU.JPG,PillProjectDisc19/images/B3C_MR7EXV6NDD2AU7ULV7-CQBVOQIS.JPG,PillProjectDisc37/images/BKIB_DH-NVP2A04UOPF!TGB!FIXP8RG.JPG,PillProjectDisc23/images/B7FDCJ!6HANEKOD5CRWF54V63UR6BLN.JPG,PillProjectDisc35/images/BINQ4QC5MNTO9A5RT6GAE3UR!QDS1UY.JPG,PillProjectDisc26/images/BA0-6JDYSPDWUUYYG8-!FHWX4OM5CZ5.JPG,PillProjectDisc7/images/4!EH4!KE5!!UB_MHH!-J90ZX_JJNLB.JPG,SIMVASTATIN 5MG TAB,"{'Shape': 'OVAL', 'Color': 'WHITE', 'Imprint': 'ZA;19', 'ImprintColor': '', 'ImprintType': 'DEBOSSED', 'Score': '1'}"
68382-0080-01,PillProjectDisc48/images/BULOLD_4EI1QTOCOYVQ!4EIQ0Q27YKP.JPG,PillProjectDisc58/images/CBW9BE2-OLYV9TGJJMVRUQJW!CO13!-.JPG,PillProjectDisc32/images/BFJOWAK1IDJNOGL4ZNRT2-RCJUNS4XS.JPG,PillProjectDisc106/images/WGJU6I_47NS2UMEX17I3P58W_MOQ05.JPG,PillProjectDisc76/images/CS2VHBPFZD37IMYIC00INXRGM62J2BS.JPG,PillProjectDisc16/images/B05X9-!QXVPWMUL!LWCJLWEG2_JMRAN.JPG,PillProjectDisc5/images/2GO3QBE36PE46F31ASUK-YVM0Q09W3.JPG,HALOPERIDOL 10MG TAB,"{'Shape': 'OVAL', 'Color': 'GREEN', 'Imprint': 'ZC;08', 'ImprintColor': '', 'ImprintType': 'DEBOSSED', 'Score': '2'}"
68382-0092-05,PillProjectDisc6/images/2R3RZ7W3TPTU3BYVNIOBD4M8VSNABU.JPG,PillProjectDisc102/images/TBVRP7R3JO!GLWXBKEDD-MP8LTGP0C.JPG,PillProjectDisc83/images/CYA5QQM6UWI0HA0186M6CU0_X!_R_!7.JPG,PillProjectDisc96/images/N!P6B-_B55XZ0V2MRZ-IW5RGT4RKWL.JPG,PillProjectDisc66/images/CIBC2UWNNTTF_SCHJMG7VNA8_IW13CW.JPG,PillProjectDisc3/images/02H4AO7PY9IDA77PLRXMZNK_!75FBR.JPG,PillProjectDisc41/images/BOD2S0V1TXXK36UPU2TTNS!Q3SVJNXX.JPG,CARVEDILOL TAB 3.125MG,"{'Shape': 'ROUND', 'Color': 'WHITE', 'Imprint': 'Z;1', 'ImprintColor': '', 'ImprintType': 'DEBOSSED', 'Score': '1'}"
68382-0093-05,PillProjectDisc45/images/BRKMG2RP39R084B7!34X!6B-T6AGEGO.JPG,PillProjectDisc28/images/BBMK4OQRV8Y80KWN10CIJF!-RWR5XD_.JPG,PillProjectDisc25/images/B9C7ZLO0_F!GD5XNA1MC6_!X45_I1M6.JPG,PillProjectDisc68/images/CKTDV9V95XDFHJ-JYKXXV2VQSYE-7BJ.JPG,PillProjectDisc48/images/BUVTD1BK6OHKA3SH7POJ5CD3_D8SE3B.JPG,PillProjectDisc1/images/!49N_7F_1ABQ!OI0!3DJO8EJR2H9R6.JPG,PillProjectDisc94/images/LNTIDM0F1!DU_8V8XDRTKB7F-9JGO5.JPG,CARVEDILOL TAB 6.25MG,"{'Shape': 'ROUND', 'Color': 'WHITE', 'Imprint': 'ZC40', 'ImprintColor': '', 'ImprintType': 'DEBOSSED', 'Score': '1'}"
68382-0094-05,PillProjectDisc11/images/7ZVNVEGKRG0BPCJJJN25_ESQD4OZU5.JPG,PillProjectDisc53/images/BZHC8C_2--78KQ-OXRWQFXQ0MLXLYJH.JPG,PillProjectDisc93/images/KXNF3EP8V7RXWQ117C4SK56_C-V0UD.JPG,PillProjectDisc81/images/CWUFD8TDR5TR-ZAR!73ETDJPMCM5WA1.JPG,PillProjectDisc64/images/CGT1_VZ2-K2E!-UB5WL6I0B6OD6JXOE.JPG,PillProjectDisc23/images/B6TQE!-R7Y5Q6_ZTLYGM_MOOVYABNFC.JPG,PillProjectDisc83/images/CYIS6GI7NB82LEC9GC2JM86FBJLJCTZ.JPG,CARVEDILOL TAB 12.5MG,"{'Shape': 'ROUND', 'Color': 'WHITE', 'Imprint': 'ZC41', 'ImprintColor': '', 'ImprintType': 'DEBOSSED', 'Score': '1'}"
68382-0095-05,PillProjectDisc7/images/4DNO0VPQ13G-PF!09L6NYG36XVMFPU.JPG,PillProjectDisc57/images/CA92I2-H-4W25_D52-387HV7AX!!P!6.JPG,PillProjectDisc67/images/CJQ3MW!J!OLTU96KV5Z-SBE6XDL2OEV.JPG,PillProjectDisc10/images/779K!_IM7LHFXR7_JX-!9L9RSACP!X.JPG,PillProjectDisc12/images/8KJBO3B0963MFQHOGVWK-EIIFBVGIS.JPG,PillProjectDisc61/images/CE2XCBG9HQ67KM_CWK47QXGLWOY2GIS.JPG,PillProjectDisc76/images/CSJ0PBB2NVW4X2_T9ON1FE30WCX5KFC.JPG,CARVEDILOL,"{'Shape': 'ROUND', 'Color': 'WHITE', 'Imprint': 'ZC42', 'ImprintColor': '', 'ImprintType': 'DEBOSSED', 'Score': '1'}"
68382-0097-06,PillProjectDisc17/images/B14NRO__LNXYH_Q!PK_FBA_N!4-AUCP.JPG,PillProjectDisc38/images/BLCZDZLS2DHV4G2T_9HGO2_YMK16PCH.JPG,PillProjectDisc27/images/BAIUXIUV1UZLK7LOYN-O5Z47-DQKUSO.JPG,PillProjectDisc41/images/BOF-RR3JEXD6E1SHSY-J_G683SB1FLF.JPG,PillProjectDisc83/images/CY4KPNB1NQMVPHS76BH!WZC9JEBG30L.JPG,PillProjectDisc7/images/4CBGGAZ-7Z!4799VZM3IQ9ZMR177DD.JPG,PillProjectDisc72/images/CODEGPOMHLFACD0Q95YS34NG_PUHDV3.JPG,PAROXETINE 10MG TAB,"{'Shape': 'ROUND', 'Color': 'WHITE', 'Imprint': 'ZC;15', 'ImprintColor': '', 'ImprintType': 'DEBOSSED', 'Score': '2'}"
68382-0098-10,PillProjectDisc8/images/57J51GN_VTG6LTMUVIM819CT3U2350.JPG,PillProjectDisc103/images/UCU8BGB!KZ0J5BKGIBSSKQCA-4V_30.JPG,PillProjectDisc106/images/WAQB8UJ4BJV_Y6YK8UUOE6MQOFDSX6.JPG,PillProjectDisc35/images/BIKJ-RKCX0-MKZWW7J4F6JYHAJI5ZIJ.JPG,PillProjectDisc70/images/CMVA01RJAP4V!8SS3!BEBQ6EIHALJXT.JPG,PillProjectDisc23/images/B78CSVVUAX9VDN679UTM8JN9P3DDY-D.JPG,PillProjectDisc48/images/BU6EQB_!1DXVEOXLQC4PI4U0QD48V5K.JPG,PAROXETINE 20MG TAB,"{'Shape': 'ROUND', 'Color': 'WHITE', 'Imprint': 'ZC;16', 'ImprintColor': '', 'ImprintType': 'DEBOSSED', 'Score': '2'}"
68382-0099-06,PillProjectDisc50/images/BWS-9W1W3ZP_0ZRGMQYDJJ4HL2TQF-D.JPG,PillProjectDisc13/images/9TOSRWF93OIOW7ZD9BUW-H1!8VY8YG.JPG,PillProjectDisc37/images/BKOQGTJ9Q513T8J-7SAPA-1ZLT2NBOW.JPG,PillProjectDisc36/images/BJPVJ!J94CW5WLDNFF7AZ97TH!VVKNZ.JPG,PillProjectDisc34/images/BHXHDX834O6WIVT2Q32O-7IEHNXTZP-.JPG,PillProjectDisc25/images/B9KWET5J-YKUZR70WN1WWQ4QZL6SKU1.JPG,PillProjectDisc84/images/CZU4DITESO491GJ9Y64QLBUAKY!!R1X.JPG,PAROXETINE 30MG TAB,"{'Shape': 'ROUND', 'Color': 'WHITE', 'Imprint': 'ZC17', 'ImprintColor': '', 'ImprintType': 'DEBOSSED', 'Score': '1'}"
68382-0130-01,PillProjectDisc48/images/BU88II7TH8R_ME-D1E_PWUWGNV_35Q8.JPG,PillProjectDisc84/images/CZLF69NK2!QJA5BPA8GTVLCDKL3UB28.JPG,PillProjectDisc87/images/F7XU1TJG1WQI-1-973LG61P1KE7AH2.JPG,PillProjectDisc48/images/BUD6ZJFOGJ28P4-BMEYSRX38XSFQUW0.JPG,PillProjectDisc66/images/CIB54643826S7IY3PBPES69236CPJBH.JPG,PillProjectDisc54/images/B_NPHEP-QTWYLLLNVBAZ!O6INO!B0PD.JPG,PillProjectDisc97/images/N_SE00Q_5WG17-O2BGNK2L_Y!SUUET.JPG,MYCOPHENOLATE CAP 250MG,"{'Shape': 'CAPSULE', 'Color': ['BLUE', 'WHITE'], 'Imprint': '130', 'ImprintColor': 'BLACK', 'ImprintType': 'PRINTED', 'Score': '1'}"
68382-0131-01,PillProjectDisc14/images/B-2QNR_FF9W5_9BWW94J3OAL013JSCH.JPG,PillProjectDisc64/images/CGN2AGOY62_1MG742_MN__55-IOGLEE.JPG,PillProjectDisc20/images/B4KPHX-K!R1YCEJEC-UBMDZ55DFXH6M.JPG,PillProjectDisc47/images/BTFVP9RJ3LW2M7NP8VD6IK4QSP4V477.JPG,PillProjectDisc64/images/CGXOC-20O8TTIPG9XOI5E0ZZSOU6D1C.JPG,PillProjectDisc44/images/BQGPD3NE67DLMTMQT9V6R71AFBP9W-X.JPG,PillProjectDisc66/images/CJ3-FF3G7H0602EYHUP5EDF8HE2T6ID.JPG,MYCOPHENOLAT TAB 500MG,"{'Shape': 'OVAL', 'Color': 'WHITE', 'Imprint': 'ZA;49', 'ImprintColor': '', 'ImprintType': 'DEBOSSED', 'Score': '1'}"
68382-0135-16,PillProjectDisc105/images/W5ZP2CK3GYSS5AIDZ3EHHW5OW9L2UR.JPG,PillProjectDisc49/images/BV7!UAYQB-7TL!A-OD_5AV8Q-S1ZIQZ.JPG,PillProjectDisc73/images/CPE3P9XWM73WP4BO2ZZ0ZOWC2PZXO21.JPG,PillProjectDisc23/images/B7OJVS8A7KRY_FO1SI-2_MYK6BZBXTV.JPG,PillProjectDisc18/images/B2OXNN!P01QC4G5F91R9P46JR9XOOPY.JPG,PillProjectDisc5/images/2K_6_PPTC98IPIV_NMU6P-C8ZW5-25.JPG,PillProjectDisc98/images/P7!C0LMUH-KTOHQQ2N41OIT4YGSAC!.JPG,LOSARTAN POT 25MG TAB,"{'Shape': 'OVAL', 'Color': 'WHITE', 'Imprint': 'Z;2', 'ImprintColor': '', 'ImprintType': 'DEBOSSED', 'Score': '1'}"
68382-0136-10,PillProjectDisc47/images/BTGIYWSNK!C5CYT8FXOXH2-MIN6HA5-.JPG,PillProjectDisc75/images/CR4B5UV6GIWKF3-6HB!HKH1CDQ-S!PU.JPG,PillProjectDisc74/images/CQTXP8_V-WTPRGIK1E1AYCCLKBS4M17.JPG,PillProjectDisc47/images/BU115_FM2F3O4A_6NJQESLYXEEFW4AP.JPG,PillProjectDisc52/images/BY2T5MY8X3BEAS158OQD8XB!0AE-JLM.JPG,PillProjectDisc21/images/B5NUNFWXTO6HP3Z49VBN7!IR3CIZIDD.JPG,PillProjectDisc26/images/B9XOJEOAVH4EUW0_Q1!ZDX7-6WWM4CV.JPG,LOSARTAN POT 50MG TAB,"{'Shape': 'OVAL', 'Color': 'WHITE', 'Imprint': 'Z16', 'ImprintColor': '', 'ImprintType': 'DEBOSSED', 'Score': '1'}"
68382-0137-10,PillProjectDisc48/images/BV0Y9BJKKMBD6-2UR_4F92G3LW--R2R.JPG,PillProjectDisc104/images/V31I381J1WL!7ZBOC_T8X7-75LKYV3.JPG,PillProjectDisc94/images/L6FDIQH0-BYSB85YUW92ZLZZWP9R6Y.JPG,PillProjectDisc86/images/EBYRSJ9TT0KDAAMQBC8-__8_J6_Z6W.JPG,PillProjectDisc49/images/BVP64OW4KVNFR-8X81YRYAXRY-81Z9U.JPG,PillProjectDisc101/images/SC94NHZRY0MIL70JHA!HSVY_0BJHHC.JPG,PillProjectDisc97/images/O6U5BX1C_!216DDDZ!OG7P_Q0!PFH1.JPG,LOSARTAN POT 100MG TAB,"{'Shape': 'OVAL', 'Color': 'WHITE', 'Imprint': 'Z18', 'ImprintColor': '', 'ImprintType': 'DEBOSSED', 'Score': '1'}"
68382-0142-16,PillProjectDisc23/images/B7DTZ74EHGR9I00DE-54K2I0HSDIDTM.JPG,PillProjectDisc57/images/CAD3DL2QDG10P-JOMP4CU8RBWLUBRH3.JPG,PillProjectDisc104/images/UDPM48NLJI5E81J5_!WOZXDTA0JDOF.JPG,PillProjectDisc80/images/CW3OD0HL9ZIDWNUR3ISHZHRLV_FS3T4.JPG,PillProjectDisc61/images/CDRAMT0Q-UAR_V!NAYEGQE9!MHUE7MT.JPG,PillProjectDisc2/images/-6C-OAYSRUTYW07Q5G0_8!AYNER885.JPG,PillProjectDisc29/images/BD4HUBOIXLG!4S7MC1T07YW6N_74R!-.JPG,LOSARTAN/HCT 50-12.5 TAB,"{'Shape': 'OVAL', 'Color': 'WHITE', 'Imprint': 'ZD;18', 'ImprintColor': '', 'ImprintType': 'DEBOSSED', 'Score': '1'}"
68382-0143-16,PillProjectDisc26/images/BADB8HUECGR16OYSPSF4Z!274IGMAWW.JPG,PillProjectDisc9/images/5UJICJAY3NMS3-P1BA0S7M9OK9AUTL.JPG,PillProjectDisc14/images/B-2DZBY_JLZVVPV7PAP_K36VOKC51V!.JPG,PillProjectDisc51/images/BXI3ST6MVS_GW2F2OM7QU2UHXVMNRJQ.JPG,PillProjectDisc86/images/E7Y1O8R4X2X6P3R7QAN8Y9YNB0UAT5.JPG,PillProjectDisc105/images/W12JWRFY33M8!_H8L0YAOAES-WOY_G.JPG,PillProjectDisc74/images/CQIHNV4_X-R1XSM-EKH5Q697TO514V7.JPG,LOSARTAN/HCT 100-25 TAB,"{'Shape': 'OVAL', 'Color': 'WHITE', 'Imprint': 'ZD;19', 'ImprintColor': '', 'ImprintType': 'DEBOSSED', 'Score': '1'}"
68382-0196-16,PillProjectDisc7/images/4HC11NIIEIEZTEBWAFAO4D52A34JU7.JPG,PillProjectDisc29/images/BCUGVYCDNDY77S60UB1QE6CIUPRX2ND.JPG,PillProjectDisc53/images/BY_IQD-PFAENZMGQXUD8P!X!NLDJYSP.JPG,PillProjectDisc44/images/BR6J-D6SS-!_-SUCT6-Q2CMXQNHNSOF.JPG,PillProjectDisc14/images/B!LIF!H2AW_TXL_R4L5ZTWSJ0UM8S5U.JPG,PillProjectDisc110/images/_TBUTQT4T!KDS3-X2Z5RWL0_D6LC_8.JPG,PillProjectDisc58/images/CBJKZXD9_-SF83I9_Z!-T8368N3!P0T.JPG,PRAMIPEXOLE 0.125 MG TAB,"{'Shape': 'OVAL', 'Color': 'PINK', 'Imprint': 'P1', 'ImprintColor': '', 'ImprintType': 'DEBOSSED', 'Score': '1'}"
68382-0197-16,PillProjectDisc73/images/CPBQH84TQRT0QUGJVE!S!-OOUDTB2IS.JPG,PillProjectDisc95/images/MC7O!-5NAE8MLBLGLLOE79WCCIJIH7.JPG,PillProjectDisc86/images/E18S-A8EIYCZOTGJBSO7FOMNBBUZGC.JPG,PillProjectDisc35/images/BINX9UPBIO4LC6L!UZMUA2_D4OYHY_.JPG,PillProjectDisc102/images/SRUSWZD1V92KMY3EBYE9X_NW-DV13D.JPG,PillProjectDisc65/images/CI0P!4RZ02X__EEZ5_U_MD!B_FC-2M!.JPG,PillProjectDisc87/images/EYBSF2QNE-N!YI3R4YHO10URR2K_-T.JPG,PRAMIPEXOLE TAB 0.25MG,"{'Shape': 'ROUND', 'Color': 'BLUE', 'Imprint': 'P;2', 'ImprintColor': '', 'ImprintType': 'DEBOSSED', 'Score': '2'}"
68382-0198-16,PillProjectDisc80/images/CVHIG84_00V-M7R_LXERCPHYYILK1PP.JPG,PillProjectDisc47/images/BTFF9HFP7WELAJABMWVLN3QG30OX6X6.JPG,PillProjectDisc22/images/B5X7M20GQN15_7AN4838VZN7KYE2E6E.JPG,PillProjectDisc9/images/68OMONC1IQ3SAC4S-VG6T-JWDI7IRK.JPG,PillProjectDisc81/images/CWTJ5F7SR-KPXO--RACE3S5SDHMXV_1.JPG,PillProjectDisc17/images/B177XQW15BZNWFHNTLFMASCEBSVOUXX.JPG,PillProjectDisc81/images/CWZCVZS6EXG5!HAEF39T6SAN5AHQSM1.JPG,PRAMIPEXOLE 0.5MG TAB,"{'Shape': 'OVAL', 'Color': 'PURPLE', 'Imprint': 'P;3', 'ImprintColor': '', 'ImprintType': 'DEBOSSED', 'Score': '2'}"
68382-0224-06,PillProjectDisc107/images/X8V74YG8F5LW9JDCG-E!6MWNCSYHVP.JPG,PillProjectDisc48/images/BUAF6GG1-SMIBL9K5UB92DBBJY3J6!_.JPG,PillProjectDisc105/images/VZ24YEH!R19T4-YR68_ECP14UIZ0RV.JPG,PillProjectDisc23/images/B7BZ6VMCO!GBOJ5N3WXCEVRR!NNYP12.JPG,PillProjectDisc93/images/L3Y19AC32NEXJFLG6-TY!4VK21!B96.JPG,PillProjectDisc106/images/WO6OIG417AF7PU9BV7SA5BKRIHT896.JPG,PillProjectDisc48/images/BUW5229UMZO3LNVTIIE9506Z8N86W9P.JPG,BICALUTAMIDE 50MG TAB,"{'Shape': 'ROUND', 'Color': 'WHITE', 'Imprint': 'ZE;57', 'ImprintColor': 'BLACK', 'ImprintType': 'PRINTED', 'Score': '1'}"
68382-0260-04,PillProjectDisc88/images/FV_MM8D340E6GTEO-MIUNA!5NJFK4A.JPG,PillProjectDisc37/images/BK!Z6EYI9M_1HSY2MCEJWF9XKKNS-JV.JPG,PillProjectDisc1/images/!BH5J68JC15R8TO4-8QTRSFBI5OVG2.JPG,PillProjectDisc102/images/TEJOIRLO6J49HO4V-G6L_MYO6KA_J9.JPG,PillProjectDisc11/images/7RQJ1J!PNW7-CEJ2GUE0QJ95VWHSEN.JPG,PillProjectDisc57/images/CAD_JFBCWRVSM2REJ0CH74ZHX77T0UE.JPG,PillProjectDisc94/images/LPB6HNSVT6!P89_16QJMMPFSSPTUDE.JPG,RIBAVIRIN 200 MG CAP,"{'Shape': 'CAPSULE', 'Color': 'WHITE', 'Imprint': 'ZA;12;200;mg', 'ImprintColor': 'BLACK', 'ImprintType': 'PRINTED', 'Score': '1'}"
68453-0142-03,PillProjectDisc59/images/CCBUD75MF_4DR43JYOXBC2NK5NOLNMO.JPG,PillProjectDisc38/images/BL6UN346813TMOJ_5-C-S8_JT-WCOR_.JPG,PillProjectDisc58/images/CBBI4N0NNSOV7HN_I71SSI8D4K_MRBO.JPG,PillProjectDisc17/images/B1OJL_UTGAF6IZDBOVANPTF16IMTHJ0.JPG,PillProjectDisc2/images/-08Y08NDGT6H86OT!-DCFTSX521!ZD.JPG,PillProjectDisc57/images/CA5CHMQGW!VXB3YXXVJUN_-I459I43X.JPG,PillProjectDisc79/images/CUHE3S61U_3XFG4EUJWUZVT_P04OC35.JPG,MOXATAG 775MG TAB,"{'Shape': 'OVAL', 'Color': 'BLUE', 'Imprint': 'MB;111', 'ImprintColor': 'BLACK', 'ImprintType': 'PRINTED', 'Score': '1'}"
68453-0375-10,PillProjectDisc66/images/CJ3K!R_1TIPFNL_3_2G_PYFQXAFB731.JPG,PillProjectDisc108/images/Y3L99ZESE8_1MQDCGVBK8USJCDBGQ1.JPG,PillProjectDisc21/images/B5QM_S!FAGWKE!DJIT4W52SMH!7LXTT.JPG,PillProjectDisc55/images/C0RDX8N_XX356NTGY6B-5LPEK0DOMIF.JPG,PillProjectDisc58/images/CBUN1IN21_8RMHMCR2_E_P-P02J_HE!.JPG,PillProjectDisc29/images/BD3LV94820BWT5RAD95CBZME2RAFQ96.JPG,PillProjectDisc88/images/G1F60KFPHYOCX4M5KTVNQE52KSDN6!.JPG,NAPRELAN 375,"{'Shape': 'OVAL', 'Color': 'WHITE', 'Imprint': 'N;375', 'ImprintColor': '', 'ImprintType': 'DEBOSSED', 'Score': '1'}"
68453-0850-75,PillProjectDisc66/images/CIB9FK1N6OE5HH8ANI8BZD3F3_!ATUW.JPG,PillProjectDisc73/images/CPC!2CYN1BXO8DC1SGE_CIQXUDMMSPT.JPG,PillProjectDisc51/images/BXYGDGU9BNZXW_X52WKCPLB58CYU8IQ.JPG,PillProjectDisc6/images/3CQV!3QNQXK2-1K7VF4JGWY5-UCQCV.JPG,PillProjectDisc83/images/CYITIHTMOW5SD4XZ95K4WG3PT1GQGXD.JPG,PillProjectDisc21/images/B4ZU3JEQPM2OXNLZT0A2JLXYBC80E9D.JPG,PillProjectDisc21/images/B5PB75FDXJQEIJ-S92U_7V!ISI72OIH.JPG,NAPRELAN 500,"{'Shape': 'OVAL', 'Color': 'WHITE', 'Imprint': 'N;500', 'ImprintColor': '', 'ImprintType': 'DEBOSSED', 'Score': '1'}"
68462-0103-40,PillProjectDisc40/images/BNA_H3M0GI33D_U_V2EM0U2ZD1KS0_4.JPG,PillProjectDisc101/images/S6!YS9MYBXXNHH6AS-!VLNZQ_Y9FJ4.JPG,PillProjectDisc25/images/B9BVNVDL2C6OS4V9M-K8XY3TNH8HQ5B.JPG,PillProjectDisc63/images/CFOOF9FF948R53B97NXRKIRP-FL34N8.JPG,PillProjectDisc77/images/CSVA2G6PAMDLN!JKUZ3HTSZ0M0BY-H5.JPG,PillProjectDisc110/images/_R9RP84EEN8DAVFD179PH3F5U!XQW2.JPG,PillProjectDisc69/images/CLEGWOVMN1Z-K!-I8GYJOW_0P5JX6FS.JPG,FLUCONAZOLE 150MG TABLETS,"{'Shape': 'OVAL', 'Color': 'PINK', 'Imprint': '150', 'ImprintColor': '', 'ImprintType': 'DEBOSSED', 'Score': '1'}"
68462-0126-05,PillProjectDisc71/images/CNX5UC9P_11GA1GXCACFRI7!XU3MNDS.JPG,PillProjectDisc43/images/BPOPMJSJJ3S2EE42ZOYM8AZF--Q_MBU.JPG,PillProjectDisc51/images/BXC98BUHZ9X!Y6B_JK_E33Q683ZQ_ZG.JPG,PillProjectDisc85/images/DFHKOY-5X7MJD!VI-1J2Y5BD51-RI2.JPG,PillProjectDisc66/images/CJ6OA87PQWA02!V-GHT6STQVZE_1OZR.JPG,PillProjectDisc27/images/BBEI2SMC8XX8U9RQ60P1GTUAPMG7VM4.JPG,PillProjectDisc67/images/CJZAV_13FFZZ3-CLHAKIN_51SD-G9X5.JPG,GABAPENTIN 600MG TABLETS,"{'Shape': 'OVAL', 'Color': 'WHITE', 'Imprint': 'G;31', 'ImprintColor': '', 'ImprintType': 'DEBOSSED', 'Score': '2'}"
68462-0127-05,PillProjectDisc76/images/CSBKOQZDM5G46GZ8BPB_O_Y068TJKU6.JPG,PillProjectDisc25/images/B9JBLM68VO7CHWMBN2FQ24W!MXC2R9R.JPG,PillProjectDisc26/images/BA3-7-XKIVJ1CAD1E-_UPJPU_WZE6M9.JPG,PillProjectDisc1/images/!-TBVJT83I7!0B-7LV0VRMAX97IRTW.JPG,PillProjectDisc43/images/BQ!4NY1EL1MYB9D_D!6-67JV9_CVONK.JPG,PillProjectDisc25/images/B8_72ODASOW6YE!!985MZ41W1F61JAJ.JPG,PillProjectDisc48/images/BUZOP5POH7FH4LTIBFYBN!GMBOCTUGA.JPG,GABAPENTIN 800MG TABLETS,"{'Shape': 'OVAL', 'Color': 'WHITE', 'Imprint': 'G;13', 'ImprintColor': '', 'ImprintType': 'DEBOSSED', 'Score': '2'}"
68462-0137-01,PillProjectDisc50/images/BWL98!FQI7QPH1E1C0AJEV-RBCQEE_S.JPG,PillProjectDisc105/images/VPTZ5G!EVP1US!AT-E2DQWR_4Z7E5-.JPG,PillProjectDisc89/images/H7M51UIWVI!OQYYBQ7O3JK!WXW_I85.JPG,PillProjectDisc28/images/BBKRSQ_VD3HETG8MRZZ8Z6_TCR0_J-8.JPG,PillProjectDisc1/images/!TP-OQ_MJF21ND!D-LW7Y64XQWKJ73.JPG,PillProjectDisc30/images/BDXZ17ZQ9CJ0EUO628MNBPTBAVWOU!T.JPG,PillProjectDisc71/images/CNWF9W4FCF6W84D97CYINVTX-Y7-D2C.JPG,OXCARBAZEPINE TAB 150MG,"{'Shape': 'OVAL', 'Color': 'YELLOW', 'Imprint': 'G;13;7', 'ImprintColor': '', 'ImprintType': 'DEBOSSED', 'Score': '2'}"
68462-0138-01,PillProjectDisc20/images/B4HX3BFGDY96Q155DDRYQPBOHAJJFSB.JPG,PillProjectDisc82/images/CXEYZTJ0JFOBNCWKY1CX9T0O4EM22PZ.JPG,PillProjectDisc67/images/CJS1K9H2EN3PGQLJS8K93UQYW7H4R7M.JPG,PillProjectDisc54/images/BZYX3Z0TB!7MO0!XB2YGKN2O2YQOJ3N.JPG,PillProjectDisc57/images/CA1RY9WA5V1UAQS-I802X7QZKTT4USM.JPG,PillProjectDisc102/images/T6K93J7FXG2-NHL7_-1O46P0K6M9!G.JPG,PillProjectDisc88/images/FZ4DZKI9Y_Z6FBGHVMRUFVMK!OTUY9.JPG,OXCARBAZEPIN 300MG TAB,"{'Shape': 'OVAL', 'Color': 'YELLOW', 'Imprint': 'G;4', 'ImprintColor': '', 'ImprintType': 'DEBOSSED', 'Score': '2'}"
68462-0139-01,PillProjectDisc9/images/6FRMGQ9RD5N02DPRM0BR64!DCR_7N9.JPG,PillProjectDisc39/images/BM1PY5IUWUZ1UMKYY7I454AQQ3MX2ER.JPG,PillProjectDisc44/images/BQNY!YVMVWK68VC!K5L7KU19E8ZRU0Z.JPG,PillProjectDisc39/images/BMK1DH40ZCH!I5X0Q-F0V0-26TQ4_G8.JPG,PillProjectDisc102/images/TF435MHW8IJIL7IH7-1JAS9JMRVCCP.JPG,PillProjectDisc12/images/8QX5HNJN_AL2FOMPU6NI51-4XSIGD4.JPG,PillProjectDisc47/images/BTB8RI-EKXMZ7NANM0PWE9_KOV5SLOT.JPG,OXCARBAZEPIN 600MG TAB,"{'Shape': 'OVAL', 'Color': 'YELLOW', 'Imprint': 'G;13;9', 'ImprintColor': '', 'ImprintType': 'DEBOSSED', 'Score': '2'}"
68462-0157-13,PillProjectDisc31/images/BEP!UZMHDF1NC0EPL6_CXSD_73EXEZ!.JPG,PillProjectDisc61/images/CE3RM_9GH8ETFJ1_!L8JLF0-P79Z_ZT.JPG,PillProjectDisc89/images/H93QE3S!HGJCPIGGD-BQHG6KK71V15.JPG,PillProjectDisc106/images/WYBC4_18XOIL-RWC72!!60F8X0X087.JPG,PillProjectDisc85/images/DHH5BISBD!1JM6LHNQ6SG-06TCODP9.JPG,PillProjectDisc109/images/ZQTOFOJV8QICUN9!WC5SW8ABF422F3.JPG,PillProjectDisc72/images/CO80QBO54NA!UOXT6CJ2IKDC_K1YF-0.JPG,ONDANSETRON 4MG ODT TAB,"{'Shape': 'ROUND', 'Color': 'WHITE', 'Imprint': 'G;4', 'ImprintColor': '', 'ImprintType': 'DEBOSSED', 'Score': '1'}"
68462-0159-01,PillProjectDisc71/images/CNKC20NEBC5TV4SS94NE5GL4V99JXGP.JPG,PillProjectDisc54/images/B_N-GVC92BVJCKZ_PRCF4_QH2NN5O80.JPG,PillProjectDisc82/images/CXIVQKBQ5XPV89UM!8Z7G-AGCK5O!24.JPG,PillProjectDisc8/images/5DPT8O-OMF5B23SO5JXVKNBP7C442R.JPG,PillProjectDisc80/images/CVTUFU9EVO8RE07-Y5J1DQMC48_H-2V.JPG,PillProjectDisc103/images/UCMH5C6YXDRU4VB-7LZ4DBWN31A_E2.JPG,PillProjectDisc82/images/CXGF9T!5BSZGW66F4KPR9CMIP7AY064.JPG,Metformin Hydrochloride,"{'Shape': 'ROUND', 'Color': 'WHITE', 'Imprint': 'G;45;500', 'ImprintColor': '', 'ImprintType': 'DEBOSSED', 'Score': '1'}"
68462-0160-01,PillProjectDisc13/images/9Z0NGP4-FSAOV!8-RI9SSN!NM_RE6G.JPG,PillProjectDisc31/images/BEHE41Z-B9G8N115DYIMEC_FYNOA1OV.JPG,PillProjectDisc41/images/BNQE37X3N2AFASTMMHQI3I31MVOMNPF.JPG,PillProjectDisc81/images/CWAAD9LOIN-4G3J41F7-4M8MXA2OSSQ.JPG,PillProjectDisc54/images/B_XDAUW9I696P8X5SP0HH0NCQ3MAL1_.JPG,PillProjectDisc30/images/BDJ2O7__Y18XFFEM_MI_2!HY2K6XJNK.JPG,PillProjectDisc90/images/IFG059CC44XV_68SEF7_U!C3ZL7S2W.JPG,Metformin Hydrochloride,"{'Shape': 'ROUND', 'Color': 'WHITE', 'Imprint': 'G;45;850', 'ImprintColor': '', 'ImprintType': 'DEBOSSED', 'Score': '1'}"
68462-0163-01,PillProjectDisc57/images/CAI8ZKFXYA76V_EK76426IARM1RLSWL.JPG,PillProjectDisc71/images/CN!VSKM8FP8-R-4-X7ZGFJIXI05Y3_!.JPG,PillProjectDisc44/images/BQX0H2LEQM9_G8TS3_A0BFV92CKCNZ7.JPG,PillProjectDisc65/images/CHOF4CR8CYRFN!9CDO9RAUD55XB8ANX.JPG,PillProjectDisc90/images/H_2!E3T1SR2Y72HNGJI3DIFT!R141F.JPG,PillProjectDisc23/images/B7-C6CA51M7IY9B7PH5!X9!7GJTVG5P.JPG,PillProjectDisc27/images/BAQDFTI54EPDNY5XI331_K-0NP4FZ3!.JPG,Carvedilol,"{'Shape': 'ROUND', 'Color': 'WHITE', 'Imprint': 'G;41', 'ImprintColor': '', 'ImprintType': 'DEBOSSED', 'Score': '1'}"
68462-0179-01,PillProjectDisc99/images/QJG4URJTKZZOI713X9EM4BT_SCBSL-.JPG,PillProjectDisc104/images/U_MNO2BRR_P05S!UCL2_IE3L_O4H21.JPG,PillProjectDisc13/images/B!43-MB9FQ027EKGVNQBWYLK9II3SF!.JPG,PillProjectDisc37/images/BJX6MDN8SXS9!8I5Z_5_BG2XWQWL4KE.JPG,PillProjectDisc56/images/C1LPG7D_YJM2F1BL631Q3VS3-SEF097.JPG,PillProjectDisc105/images/VZM!0QFQXRYHVI_B3O6SASR1Y46PNY.JPG,PillProjectDisc96/images/NMPV2L3PQXX-H5C2!28DV!TDEYXKJD.JPG,NAPROXEN 550MG TAB,"{'Shape': 'OVAL', 'Color': 'BLUE', 'Imprint': 'G;0', 'ImprintColor': '', 'ImprintType': 'DEBOSSED', 'Score': '2'}"
68462-0188-01,PillProjectDisc30/images/BDBXPKFEZCE_Z7L!_TWHV5PY_LK6VOF.JPG,PillProjectDisc95/images/M2543VY7OKD28MGKWEUY0XDNY_WZJO.JPG,PillProjectDisc78/images/CU8_PU_Y748AQ3J!7A5XIT49DAR_JC3.JPG,PillProjectDisc49/images/BVQPFFQTZKQ42F-M1FC4FR1SHVR!97Y.JPG,PillProjectDisc5/images/2D94ESDJJ_5KF67ERWGVI3SKA!41UZ.JPG,PillProjectDisc27/images/BBE7M_R9!M49TVX9L-N9FBZ86J4JXIP.JPG,PillProjectDisc49/images/BVUQJ5PHN-73018_FITQ_OL-LZT6J2D.JPG,NAPROXEN TABLETS 250MG,"{'Shape': 'ROUND', 'Color': 'ORANGE', 'Imprint': 'G;32;250', 'ImprintColor': '', 'ImprintType': 'DEBOSSED', 'Score': '2'}"
68462-0189-01,PillProjectDisc31/images/BF35AQIXPOBLPR_C57IXCHW3DA1YBYG.JPG,PillProjectDisc79/images/CUH9LC0MS6K6UW0JMN71V7P701AY139.JPG,PillProjectDisc86/images/EA9222BM_R21H2FA-O_3KO3Y0A!HN4.JPG,PillProjectDisc28/images/BBVTH78ODELYU__1B0EYEGQA53SUXHM.JPG,PillProjectDisc31/images/BEDMJLW-RQMPB4!!U2KV7B!R13FSKX8.JPG,PillProjectDisc11/images/7LGS6923_GK!PZR7HF764UGTZGC6PK.JPG,PillProjectDisc29/images/BCTCVR1!5!MZ5WLISFC_WLHJN_ZS9C9.JPG,NAPROXEN 375MG TAB,"{'Shape': 'OVAL', 'Color': 'ORANGE', 'Imprint': 'G;32;375', 'ImprintColor': '', 'ImprintType': 'DEBOSSED', 'Score': '1'}"
68462-0190-05,PillProjectDisc80/images/CVXNDQ11YR7NXMK2Q0S-1_ITKLFJ04Z.JPG,PillProjectDisc104/images/UOYQZXK!ZE6HHTRFQVOTIJYO0V0_8E.JPG,PillProjectDisc9/images/5P509LSHBUZ9BCWCTNO1XLA7P0I4VL.JPG,PillProjectDisc76/images/CSKW1F9J_ZW6U3DYWECB5CH3OAFXS5.JPG,PillProjectDisc21/images/B5!KXB0Y2WJZG05D-JIM_I6WA2-KP6F.JPG,PillProjectDisc3/images/0K843OQV46R1RH48CLH3O2!FXRM!9B.JPG,PillProjectDisc39/images/BMJ1JY7_P6JXE6V0TX0A99!NF40TKJK.JPG,NAPROXEN 500MG TAB,"{'Shape': 'OVAL', 'Color': 'ORANGE', 'Imprint': 'G;32;500', 'ImprintColor': '', 'ImprintType': 'DEBOSSED', 'Score': '2'}"
68462-0195-90,PillProjectDisc27/images/BAPC5HQNLMVPQ4T4SNAIGWCQZZ2CK_9.JPG,PillProjectDisc109/images/ZP70452MZ9HY82!4E6!U3WBL8WU_7N.JPG,PillProjectDisc105/images/W-_6TH9_SP5CMGBVNC8A00W!051Z_.JPG,PillProjectDisc33/images/BGBERL68GSVO-O0T-X7_WUO7XA084BP.JPG,PillProjectDisc102/images/T-PYRDURVTGO0000X-CM_VDZ6G75!A.JPG,PillProjectDisc4/images/1CVVDNDG4IN-B39!J09MASXJM2Y-8K.JPG,PillProjectDisc83/images/CYFGVVH7Y_KVL3ME304DMSK4D2F8YO6.JPG,PRAVASTATIN TAB 10MG,"{'Shape': 'ROUND', 'Color': 'YELLOW', 'Imprint': 'G5;10', 'ImprintColor': '', 'ImprintType': 'DEBOSSED', 'Score': '1'}"
68462-0196-90,PillProjectDisc55/images/C0IJL2GW8IAWYVP8HO3X!Z50G412AVX.JPG,PillProjectDisc32/images/BFIRTBBIS01OZNI5!1QY7VR9IUJ9AWF.JPG,PillProjectDisc98/images/PR8!4262UOBSDZ7_SP2-RBZS2UNSH-.JPG,PillProjectDisc107/images/XA6PZ!T2A3UR06KF17WW0H5Y_4NS4R.JPG,PillProjectDisc23/images/B7BNM1T1BQ1C4K3G5N6HQKISMQ2FPN7.JPG,PillProjectDisc66/images/CIQ6FQBL2DFBNUGG_4GHO3I!R57!XN-.JPG,PillProjectDisc86/images/EQD5-FR7H26RRFA9RF5_06-PXY7MFV.JPG,PRAVASTATIN TAB 20MG,"{'Shape': 'RECTANGLE', 'Color': 'YELLOW', 'Imprint': 'G5;20', 'ImprintColor': '', 'ImprintType': 'DEBOSSED', 'Score': '1'}"
68462-0198-90,PillProjectDisc70/images/CMGOAHNY6LBF2X8QGUH7C-X0G5AWOWT.JPG,PillProjectDisc103/images/TOGWR5VA_SKNKFULE4TO7HX_Q-!9X-.JPG,PillProjectDisc31/images/BF04VFT5!3-CSFLIDWZTAIL_3EG3WCN.JPG,PillProjectDisc51/images/BXR1ZMJU!FVVAUOCUU_GWI687LLDO2F.JPG,PillProjectDisc103/images/T_Z9U_ISN6ZXIN3YAH9!Y44VPH-9WB.JPG,PillProjectDisc35/images/BIQLGOB9Y5!X-EYKXWTEEUDZ6U_08D2.JPG,PillProjectDisc6/images/2TSAGHGSQX!ZSEWYD2C4Z12EV39T47.JPG,PRAVASTATIN TAB 80MG,"{'Shape': 'OVAL', 'Color': 'YELLOW', 'Imprint': 'G5;80', 'ImprintColor': '', 'ImprintType': 'DEBOSSED', 'Score': '1'}"
68462-0208-01,PillProjectDisc53/images/BZPIM!!YZE21Z1NVHYLH0X3BAA5JQS!.JPG,PillProjectDisc15/images/B-D5V-7LDINDGJ63YPSGB_52AG8KCGF.JPG,PillProjectDisc4/images/1712EQOWXZ1KGOFOHUT9WT7FODUUKI.JPG,PillProjectDisc102/images/SU6M9MJAT-GWY3Q-OXZ1N9OF6JESVE.JPG,PillProjectDisc7/images/45NR3MBSTNZFYPR_2JDYQ5LCRJ4KF2.JPG,PillProjectDisc101/images/SCUIV0EP0DV137P_-1ANE!_KT7F-UQ.JPG,PillProjectDisc45/images/BRELOHD-YS4YIVMU7SD_NMZCH517-39.JPG,MOEXIPRIL 15MG TAB,"{'Shape': 'ROUND', 'Color': 'BROWN', 'Imprint': 'G;208', 'ImprintColor': '', 'ImprintType': 'DEBOSSED', 'Score': '2'}"
68462-0211-10,PillProjectDisc4/images/0UIJ9OCQI7LPSY5QOB3OI6I1L91OM9.JPG,PillProjectDisc9/images/5U3VBOR2D8VMRXQE4TMZ5ZJ_-4DE-J.JPG,PillProjectDisc20/images/B3Y0!MGIQXUP4WQMKWW3B333H2SA_LP.JPG,PillProjectDisc104/images/UGCCUP4Q81H5VYSSQ541DETGYIEX9!.JPG,PillProjectDisc74/images/CQEQJ_CA7VKSH!553XN0_L86W9X5A1N.JPG,PillProjectDisc73/images/CO_ZG0QPJ7TX7N1ZE4NW0IDVK9P-W2V.JPG,PillProjectDisc83/images/CYHMKYYKCY2XFT!EGGRRUSJ2X44DE2V.JPG,AMLODIPINE 5MG TAB,"{'Shape': 'ROUND', 'Color': 'WHITE', 'Imprint': 'G58;5', 'ImprintColor': '', 'ImprintType': 'DEBOSSED', 'Score': '1'}"
68462-0224-01,PillProjectDisc13/images/9O!YI1P9IOS2GBJR9NLN9ZH9M54HGI.JPG,PillProjectDisc101/images/SHGSQSTB49FI0T691P1LEDK32REYGG.JPG,PillProjectDisc19/images/B39H9FXYQTU0GBRBV50HM1-NFXDXPVF.JPG,PillProjectDisc80/images/CVPSNU3U!66!-4Z4LHF7__OR36-4SDA.JPG,PillProjectDisc99/images/PV3S9NTZC7CIKSIJ3H1HHKUW225AYH.JPG,PillProjectDisc88/images/FTGIBICEHWV59EXTTK_N60_-1SI7ZE.JPG,PillProjectDisc96/images/M_C67DXZGITBS_NO_A6I5WDF!18-P6.JPG,LITHIUM CARB 450MG ER TAB,"{'Shape': 'ROUND', 'Color': 'WHITE', 'Imprint': '224;G', 'ImprintColor': '', 'ImprintType': 'DEBOSSED', 'Score': '2'}"
68462-0248-05,PillProjectDisc88/images/GHL_VSPH1BPMDQJIC5FHGMW2_BE11M.JPG,PillProjectDisc38/images/BLJ3SVIW7WVKR_0GT6WTF1!O1CC7P2E.JPG,PillProjectDisc24/images/B81TBI6LPQSP9ARHK_!PMAKTM!DQ-Z4.JPG,PillProjectDisc31/images/BEE3RG1ZUNS83S1B3NJT--KTT_MFE30.JPG,PillProjectDisc74/images/CQ0UKBX168E9C3EOJFP491PB8PRE8DN.JPG,PillProjectDisc22/images/B6NTN6MOVQPN5TZGF5OZ!UR7PQ81!M2.JPG,PillProjectDisc83/images/CY2PBBNTPIDIMOO34HR6FGSAIWQQIWP.JPG,RANITIDINE 150MG TAB,"{'Shape': 'ROUND', 'Color': 'PINK', 'Imprint': 'G;51;150', 'ImprintColor': '', 'ImprintType': 'DEBOSSED', 'Score': '1'}"
68462-0249-20,PillProjectDisc68/images/CKXZ8_5!KJ9IGELJQDB8K-OI3ZWGK36.JPG,PillProjectDisc71/images/CNASK09J!!Y8T_ZZI5I-M3WICAJ9IS6.JPG,PillProjectDisc54/images/B_HKXFJHZ5G5HP8B551N63QXE7B46OQ.JPG,PillProjectDisc108/images/YIFYRPME1UYIXGGCUM80!W-RE42Y_-.JPG,PillProjectDisc8/images/4ZZ82_K72YIPXBS3A61_MYCTF25P!C.JPG,PillProjectDisc109/images/Z5SXNXDY8R3JSC1UY05Y0-5N!HM4N2.JPG,PillProjectDisc43/images/BQ7KOZZRS64QH6EJ3-LRD!Z3E-L63AC.JPG,RANITIDINE 300MG TAB,"{'Shape': 'ROUND', 'Color': 'PINK', 'Imprint': 'G;51;300', 'ImprintColor': '', 'ImprintType': 'DEBOSSED', 'Score': '1'}"
68462-0260-05,PillProjectDisc3/images/0QSZ992EHHVTIOYUMBJM_TUB390T_!.JPG,PillProjectDisc46/images/BSFM3JN4XYEWAN4!P-7TQ-NBQ0NP44J.JPG,PillProjectDisc97/images/NZJHSY-AL_HIVQP8YIF7F7!Z8XP9-8.JPG,PillProjectDisc71/images/CNDJDDBP6XL_Z-U984HK-Q0_!QR!VL.JPG,PillProjectDisc95/images/MRAA89B03AT4N3KOF96O25J8059_YZ.JPG,PillProjectDisc107/images/XTUOPBYWJ-BU29UJFY41_LVPXHQRWI.JPG,PillProjectDisc23/images/B7L9W8LB2MLQ1ZGTF-BO9!AYR30ZJJE.JPG,VERAPAMIL SR 240MG TABLETS,"{'Shape': 'OVAL', 'Color': 'BROWN', 'Imprint': 'G74', 'ImprintColor': '', 'ImprintType': 'DEBOSSED', 'Score': '2'}"
68462-0302-05,PillProjectDisc103/images/TZ--!UT5_GH053FZVJ99QXF6HH1EM!.JPG,PillProjectDisc3/images/-YCO86_DMW!MAAA_!XIEM-CUM8KMNR.JPG,PillProjectDisc104/images/V1LEVQOLX2XIH8RUJ-6UEELW7K6UYG.JPG,PillProjectDisc87/images/ES5IAMKUDC633XVY3ZF9_L2!DURH-Z.JPG,PillProjectDisc21/images/B567-TCWAD-TKE6K2ECEWDIMZK_E9OE.JPG,PillProjectDisc108/images/Z17EB92HF2QUD_K45OIMF2ID7QHVBD.JPG,PillProjectDisc65/images/CHCFH7-YUCRX6GLTU-R7KG!DLAQKL68.JPG,INDOMETHACIN 50MG CAP,"{'Shape': 'CAPSULE', 'Color': 'GREEN', 'Imprint': 'G302;G', 'ImprintColor': 'BLACK', 'ImprintType': 'PRINTED', 'Score': '1'}"
68462-0329-01,PillProjectDisc81/images/CWT8WXN5OI8BKGS0KANUKTV_TN6GMWM.JPG,PillProjectDisc48/images/BUC!3LDU-!Y8M6Z1W-DJWXVBX!L5TC4.JPG,PillProjectDisc40/images/BM_9CFP76MYRDXGS9CL!4D77MNG1IPN.JPG,PillProjectDisc77/images/CT-I4OPNB7YG9DY70KUOVO7GEAINNWO.JPG,PillProjectDisc9/images/6FT07JOZIF07VHSJG_2X664PA9HK6O.JPG,PillProjectDisc2/images/-3S90U4IEC1X4U9KQ63AH0593462O1.JPG,PillProjectDisc35/images/BIL-27PM0TKBX-7U0NTKZ!V-Y_IP97!.JPG,TRANDO/VERAP 4-240 CR TAB,"{'Shape': 'OVAL', 'Color': 'BROWN', 'Imprint': 'G38', 'ImprintColor': '', 'ImprintType': 'DEBOSSED', 'Score': '1'}"
68462-0358-05,PillProjectDisc49/images/BVN6SMRSQU0T3ESXXINCKMVVX79QKYC.JPG,PillProjectDisc66/images/CIP448S-Q_7!KWUWPDTQ8VX73WKQS5U.JPG,PillProjectDisc87/images/FLMKGIY9P-9F_EK7EK362TECS_W!Z!.JPG,PillProjectDisc89/images/GURE3PGKXATM95QWRRMEUMMA643SE8.JPG,PillProjectDisc78/images/CTM1ANGPG-W68SYNGADDZYEA8AYOO4P.JPG,PillProjectDisc51/images/BXJI4TE2MCED18Z5D4KJK2LQ6I6OMDR.JPG,PillProjectDisc78/images/CUA8TQ9B547E4EFDJU9LMKKVWU84LOW.JPG,NABUMETONE 500MG,"{'Shape': 'OVAL', 'Color': 'WHITE', 'Imprint': 'IG;257', 'ImprintColor': '', 'ImprintType': 'DEBOSSED', 'Score': '1'}"
68462-0359-05,PillProjectDisc6/images/36L_0UZ22APTJ_IOK4GW0DE1IFV1G!.JPG,PillProjectDisc27/images/BB710N-76064K56WNLT0B2WY0I2GON8.JPG,PillProjectDisc27/images/BB9K8UC7E6!E0ZK05JQ3SQ47GNP_WUO.JPG,PillProjectDisc61/images/CEKGXZ_MA2_S5JMNLN3317DZ!H092UP.JPG,PillProjectDisc9/images/6!7D3AJP7W36VSVRE11E!H3L880ER!.JPG,PillProjectDisc88/images/GCZ-D634LO67WLUJB5DC4G27I0F7QV.JPG,PillProjectDisc94/images/L6JRFIXWN1RG3H50CES-T2T7UYG0FQ.JPG,NABUMETONE 750MG,"{'Shape': 'OVAL', 'Color': 'BROWN', 'Imprint': 'IG;258', 'ImprintColor': '', 'ImprintType': 'DEBOSSED', 'Score': '1'}"
68462-0360-01,PillProjectDisc34/images/BHD8JSZKV5NQVPP3UV-XNKKWR-NS4YD.JPG,PillProjectDisc43/images/BQ39!K-_LO_BMBQCS5U-IYTA5I88B!W.JPG,PillProjectDisc36/images/BIXW69EQLL!SQ688731-NYDUSHRV_02.JPG,PillProjectDisc73/images/CPH-8JO762E_UN4PGNVH7WYJ1QP5X-K.JPG,PillProjectDisc65/images/CHI3POBZP8WST7BZXNSDFXGRLDKVLSQ.JPG,PillProjectDisc24/images/B88HEYPG_2N1Z3EVH_K3_7_VEEP0KM_.JPG,PillProjectDisc47/images/BTZ7YI-8WBX3MSB6!8F92C-8UQN1I_Q.JPG,Hydroxyzine Hydrochloride,"{'Shape': 'ROUND', 'Color': 'WHITE', 'Imprint': 'IG;275', 'ImprintColor': '', 'ImprintType': 'DEBOSSED', 'Score': '1'}"
68462-0361-01,PillProjectDisc79/images/CUUHOTC4-NSXXDOIVMLHFL6RIT_B_W9.JPG,PillProjectDisc39/images/BM95PS852V6QFGFSWE!BOP19PI583KD.JPG,PillProjectDisc17/images/B1WVMU3NU38ILWQYTEPV-BRS5RCYCPP.JPG,PillProjectDisc15/images/B-80FOFI42CJAY!1K7Q37_HQ-HNRZNZ.JPG,PillProjectDisc40/images/BN4QZGP4H2KOU_WKW49MUR!UTEU89RI.JPG,PillProjectDisc105/images/VR56WK38WBGO2O5_R0KJZBU0JTHLMD.JPG,PillProjectDisc25/images/B9I_T080T6PCPLYP-K6W-N8ZI9I5L07.JPG,Hydroxyzine Hydrochloride,"{'Shape': 'ROUND', 'Color': 'WHITE', 'Imprint': 'IG;276', 'ImprintColor': '', 'ImprintType': 'DEBOSSED', 'Score': '1'}"
68546-0142-56,PillProjectDisc103/images/U7X7CF74TLJN-4FWYWCK-Y8E4L3-A6.JPG,PillProjectDisc8/images/5EUAL1QD!G3QS_6OZAE2L!DU!BHPLB.JPG,PillProjectDisc15/images/B-I1KSM7XXEKTUEKGKSVQE1KAK4-IR0.JPG,PillProjectDisc82/images/CXYXLQ3VTHT6KB78PGWLBRO1ZNCEDO9.JPG,PillProjectDisc99/images/Q0!3CII2G-YZAYK3EJI0DV2UMI33OP.JPG,PillProjectDisc71/images/CNMHLJ4N4KRBPAJ!!M9IZPRW9Y_HAY6.JPG,PillProjectDisc79/images/CUE5EJF9Q0Y02B52EWVFB!87QN45SSH.JPG,AZILECT TAB 0.5MG,"{'Shape': 'ROUND', 'Color': 'WHITE', 'Imprint': 'GIL;0.5', 'ImprintColor': '', 'ImprintType': 'DEBOSSED', 'Score': '1'}"
68546-0229-56,PillProjectDisc50/images/BWWSAVFFVUOICFHSJW9230T2!2IS894.JPG,PillProjectDisc28/images/BC6Y11Q1TP_-B3B!8QBIYLQ-2ULBUSU.JPG,PillProjectDisc3/images/-YLH_V4D9YDYEMV0AA3U69TMEAJ7RK.JPG,PillProjectDisc42/images/BP!67T5J_EBQF3P-9K93DB4!ZAZC41W.JPG,PillProjectDisc36/images/BJ8RRSJ1PDF5V_!S7GO-FEW9XT2J__Z.JPG,PillProjectDisc104/images/V3!6ZSCT7KYIB2KM9FIG3RKZFV0RRS.JPG,PillProjectDisc81/images/CWCTSCL0F0ADZFMDL0XEY8!PTZPRPD8.JPG,AZILECT,"{'Shape': 'ROUND', 'Color': 'WHITE', 'Imprint': 'GIL;1', 'ImprintColor': '', 'ImprintType': 'DEBOSSED', 'Score': '1'}"
68774-0400-01,PillProjectDisc5/images/2CBE3RRZ5!!X0N428-SIKDTUK2OBIO.JPG,PillProjectDisc65/images/CI7BR!VJGJC90HK-0T8TNS9GVDAQG_9.JPG,PillProjectDisc37/images/BKSYBEZ1-EQ8V1TSNTODFI937C!N15N.JPG,PillProjectDisc71/images/CNEYRXFL_MXJXS9ZVS9VDF_1JB5EVDL.JPG,PillProjectDisc72/images/COU54MZG9VU!15!K1C2C8KKKOT0!ARD.JPG,PillProjectDisc28/images/BC05VR2L_G6YO8OCCD!NFSQWL-79-MH.JPG,PillProjectDisc55/images/C06U9UXLO5WP02FEBXCT_XX83U-JBWQ.JPG,ALBUTEROL TAB 4MG ER,"{'Shape': 'ROUND', 'Color': 'GREEN', 'Imprint': 'V;4', 'ImprintColor': 'BLACK', 'ImprintType': 'PRINTED', 'Score': '1'}"
68968-3500-01,PillProjectDisc42/images/BOKFS4VOPH-ODODQT2C5A7XO9B0R2D!.JPG,PillProjectDisc93/images/KD4061M0HQ8FZTK17LKPMR-2OM92LO.JPG,PillProjectDisc21/images/B5RE12YC6CF6OH6DMGF293ZS5HEDB3S.JPG,PillProjectDisc30/images/BD8!JMHOUB!7-AUVB1_!9H6PCKOZUN8.JPG,PillProjectDisc90/images/IGPCD9S_QAAH-CAYAN35PNO726DB6P.JPG,PillProjectDisc66/images/CIVEKXEC!P4RGOW1E_08H329UUIKJJ0.JPG,PillProjectDisc74/images/CQF6GZ7PHXAP6K9QQFXZJHLXMAKCS!Z.JPG,STAVZOR 500 MG CAP,"{'Shape': 'OVAL', 'Color': 'ORANGE', 'Imprint': 'NVN2', 'ImprintColor': 'BLACK', 'ImprintType': 'PRINTED', 'Score': '1'}"
99207-0461-30,PillProjectDisc73/images/CPTZQB-LJS-DPES_117ZPLM--W8VL5C.JPG,PillProjectDisc35/images/BILV5QC75C3EW31Q4-5_!LVDEDBX888.JPG,PillProjectDisc8/images/4S2MMFV0R6E4W7BAAD7VFGYRRZ_SZ4.JPG,PillProjectDisc40/images/BMXC!7CEV9PH-C4H0VTMTURIIBER-KT.JPG,PillProjectDisc50/images/BWLAV38A7EMBVNE-DTPKCXOW_1WRDIT.JPG,PillProjectDisc110/images/_I74WPES6PFK7A7-DHM74PJ!FPOKVQ.JPG,PillProjectDisc21/images/B4YMB7TI4NILXS6R256DVHQ--6TC_KW.JPG,SOLODYN TAB 90 MG,"{'Shape': 'OVAL', 'Color': 'YELLOW', 'Imprint': 'DYN;090', 'ImprintColor': '', 'ImprintType': 'DEBOSSED', 'Score': '1'}"
99207-0463-30,PillProjectDisc2/images/-R7O0ZXSU4CK-4MY0T_6_47FMW2OH4.JPG,PillProjectDisc57/images/CA27!YUHYS5H09S0N5D3VYZSXOIQ_RV.JPG,PillProjectDisc37/images/BK4!O!B51BAP9CI92NH5K-AO-UDM_EL.JPG,PillProjectDisc34/images/BH7PQ0AOZ9_!-E7-286IJ4M-PUB9A9V.JPG,PillProjectDisc22/images/B68P4-FDF_7B3R10GAYT9I8KH!JXWHI.JPG,PillProjectDisc106/images/WWGOEL8!U7OM63CIIL1AQCGC47S-MM.JPG,PillProjectDisc42/images/BORMD5C1B7TWT2KUHB!MX4L2GCXNJS-.JPG,SOLODYN TAB 65 MG,"{'Shape': 'OVAL', 'Color': 'BLUE', 'Imprint': 'DYN;065', 'ImprintColor': '', 'ImprintType': 'DEBOSSED', 'Score': '1'}"
99207-0465-30,PillProjectDisc42/images/BP0DE25F8H1U86I6T0O606Y727NIXJB.JPG,PillProjectDisc83/images/CYJ81X2U!2HONBRUSN3GIEFXOGP-JFW.JPG,PillProjectDisc14/images/B!CBS5B34H7VSCCDCNLWC8-O7BRM92K.JPG,PillProjectDisc103/images/TLCKAX_9M0I-JDAKJCY91DKO9-6BWW.JPG,PillProjectDisc33/images/BGB1EYYIBUP1LP7GOWG8247T484_R75.JPG,PillProjectDisc14/images/B!XN5XQ8FOELZMB33-C42SG1YL0EHKJ.JPG,PillProjectDisc22/images/B5XIBHRU9O03RX7U0YAH5T7!GYHBEH8.JPG,SOLODYN 55MG TAB,"{'Shape': 'OVAL', 'Color': 'PINK', 'Imprint': 'DYN;055', 'ImprintColor': '', 'ImprintType': 'DEBOSSED', 'Score': '1'}"
99207-0467-30,PillProjectDisc68/images/CK__HZDX12O48A22IH8UK9JBN710QN8.JPG,PillProjectDisc100/images/RI_0YPYI!KAYN546T5Y23IAPABHE15.JPG,PillProjectDisc59/images/CCM7PRKBTVGU70MZIAL5TAQG0SBGGNT.JPG,PillProjectDisc78/images/CTWFYVCH5W_EPZC9UVEIC48Y4_PIDP8.JPG,PillProjectDisc86/images/EPLAU9!18WP5W3XN1B-Q!V1!MMO6C0.JPG,PillProjectDisc55/images/C0TDJ6BK9FFVIBA4O81NNYC!2148FGG.JPG,PillProjectDisc59/images/CCQWARGZE3G7SJ!TYX-QXYNT3Q9Y1WG.JPG,SOLODYN 105 MG TAB,"{'Shape': 'OVAL', 'Color': 'PURPLE', 'Imprint': 'DYN;105', 'ImprintColor': '', 'ImprintType': 'DEBOSSED', 'Score': '1'}"
